[
    {
        "Metric Name": "Metric 01",
        "Run 01": 2.13,
        "Run 02": 2.62,
        "Run 03": 2.72,
        "Run 04": 2.08,
        "Run 05": 1.45,
        "Run 06": 1.15,
        "Run 07": 1.28,
        "Run 08": 2.74,
        "Run 09": 1.28,
        "Run 10": 2.74
    },
    {
        "Metric Name": "Metric 02",
        "Run 01": 2.84,
        "Run 02": 1.25,
        "Run 03": 2.32,
        "Run 04": 1.29,
        "Run 05": 1.67,
        "Run 06": 2.74,
        "Run 07": 2.21,
        "Run 08": 2.20,
        "Run 09": 1.28,
        "Run 10": 2.74
    },
    {
        "Metric Name": "Metric 03",
        "Run 01": 3.84,
        "Run 02": 1.25,
        "Run 03": 1.32,
        "Run 04": 2.29,
        "Run 05": 3.67,
        "Run 06": 1.74,
        "Run 07": 3.21,
        "Run 08": 1.20,
        "Run 09": 1.28,
        "Run 10": 2.74
    }
]